-5.233489567400229525e+00,9.331553634999382174e-01,-7.411827427252978273e-01
4.693404655776451051e+00,-5.061670400477950693e+00,-3.146459243348924240e+00
-3.726457946127345711e+00,1.418099309581757561e+00,4.902764610407330359e+00
-4.821408008645342136e+00,-1.253550444806799558e+00,-4.555805361183270286e+00
-2.823486740433944764e+00,-3.879738707173969736e+00,5.645027490120434893e-02
-2.853979336749796203e-01,3.925307260018148892e+00,-5.039858280075725894e+00
4.502662260792105187e+00,3.834626137268072110e+00,2.290073451330490784e+00
-1.803741950014537965e+00,3.861604194120221489e+00,5.374008952471597489e+00
-2.269237847595257040e+00,1.346397505486375490e+00,-4.558493480353516425e+00
-3.554625966832976935e+00,2.025458647030899950e+00,-2.671046104950466127e+00
-4.628101855325158276e+00,2.071380355290728836e+00,-5.263637077754255600e+00
3.936095261370775589e+00,1.349967046362902989e+00,1.623649179557725253e+00
3.894649267610661436e+00,3.237060644704311541e-01,1.098810873876412852e+00
-5.187016813946881300e+00,4.107168669340341971e+00,-4.643844031024133567e-01
2.039270463199731154e+00,3.844994344039069478e+00,2.828401759925414094e+00
2.695057584427517305e+00,-1.027143744452889917e+00,-2.765268270961244834e+00
3.617801117481795892e+00,-2.988778532960923329e+00,4.021200758233293371e+00
-1.868878422831035335e+00,-2.800832390110693293e+00,-1.688676084778291342e+00
-2.894833735583818846e-01,-5.035917959365177055e+00,4.415702473063693567e+00
2.225898128907639162e+00,-4.757425615158187959e+00,-1.772095444875541048e+00
2.952332944929434433e-01,-2.278123794531301094e+00,-1.471516195643926272e-01
3.606808335924846620e+00,-2.556304786491900405e+00,1.762041377908623030e+00
-1.684816311421481583e+00,2.230309354804431710e+00,4.338210596773640404e+00
-3.280520672271266758e+00,3.859961958767656576e+00,-3.687622796140727632e-01
-2.714615903934295638e+00,-1.250651791632628296e+00,-1.441478473142341343e-01
-3.139652956033921694e+00,4.797478562934424318e+00,-1.219575382386652196e+00
3.781800131920904029e+00,3.196097122187639084e+00,-1.354673317774518937e+00
-2.309926740652769706e+00,-7.234523992703957296e-01,-1.280119859309886143e+00
4.847896453086165458e+00,-4.909522728958051196e+00,-1.020284514472874049e+00
-6.389314578929858879e-01,4.196554575593483882e+00,-1.563593321507030565e+00
1.609587256607885708e+00,-3.743453074491497556e+00,2.985807090302430744e+00
2.003904016420342771e+00,-2.013394792781190379e+00,4.426064121103971405e-01
-4.023353061418533549e+00,-3.576782026914173240e+00,4.599242426462238242e+00
3.125728577638929639e+00,-3.260072353538196577e+00,-3.433423505333167203e+00
-3.889309946875186164e+00,2.904617789354703383e+00,2.876992382116548175e+00
-4.529009373660737303e+00,-4.607850767368042000e+00,-2.450738092902918108e+00
-4.235871928392990426e+00,-2.100988456663348103e+00,3.877716637512452214e-01
-3.475995543423717749e+00,-4.491653843180808181e+00,1.469077727316487447e+00
-3.700577610076843715e+00,-3.188747147720977448e+00,-2.616995642025004898e+00
4.335659191683141955e+00,-4.458248059786730444e+00,4.204537262388313934e+00
3.023910883656947934e+00,3.051659904427578951e+00,3.294303733414146507e+00
-3.864722943023991331e+00,-1.583949173917746478e+00,4.024836246220075076e+00
1.570613829600991718e+00,-1.126170282047489479e+00,1.945739351171499987e+00
3.375772443203331807e+00,3.832118434959371545e+00,1.817802614769096214e+00
1.890816539267165641e+00,-1.994968563485256530e+00,2.959337584020696799e+00
2.402742991912088399e+00,-3.693526368823101702e+00,1.729198590044348505e+00
5.849604088252983169e-01,-5.049315408028392405e+00,9.099894227474947250e-01
-5.304023988738361339e+00,-1.309437184110535890e+00,1.415010948593047990e+00
-2.558995133747762107e+00,2.515844295333774294e+00,-5.309777158782935658e+00
-3.679482068780857595e+00,1.771819907517836024e+00,6.484147716456967192e-01
-4.671188921733029353e+00,2.322634886900326823e+00,1.409911637801810613e+00
2.802461712425839968e-01,-2.772743626995759492e+00,2.619670690271718172e+00
1.196940636753131448e+00,-1.476351632648307266e+00,-6.834607164733971230e-01
5.117151153672113928e+00,4.907088899127095338e+00,1.281926304739625877e+00
2.966234654511575863e-01,-2.194770089605523555e+00,-1.460444826707773203e+00
-3.720510689007142435e+00,9.274821067409714237e-01,-2.129783007493711855e-01
-2.789629701273073970e+00,-4.951810887022848107e+00,-3.941153581665823413e+00
6.319368033340769797e-01,-1.701024695175036738e+00,3.121049885241927058e+00
3.557735258093036812e+00,1.582759299644997508e+00,4.807606932659690635e+00
3.421112120038200644e+00,1.082730326003401800e+00,-3.255921989015003515e+00
3.544127645843218488e+00,3.801855822014508668e+00,-2.575783218308658640e+00
1.778699478899812947e+00,9.149712165089914917e-01,4.917012244371008478e+00
-3.560532367415573107e-01,-6.416968409006942320e-01,-1.216903486408063007e+00
1.437824085285591025e+00,-1.903185933902297844e+00,-2.806498316918535796e+00
4.532693569137807188e+00,-1.575964962337647490e+00,4.105916815311722701e+00
-3.260222368423665529e+00,3.567713726958284148e+00,-4.259694642529251674e+00
-2.030893997036113063e+00,5.210904488876398233e+00,-1.240389623980193035e+00
-2.470039250257858754e+00,-9.958849989908375999e-01,2.237723294574318178e+00
-3.904125245922567267e+00,8.535280363362010014e-01,-4.465025522606595132e+00
3.833514824871461890e+00,-2.395540742755259078e+00,-7.286996986552296551e-02
2.701519637424393050e+00,3.015677179773365690e+00,-3.367103054238269166e+00
-1.757103732247537353e+00,9.877326122159957311e-01,-2.699571497648554086e+00
-9.683731643249218202e-01,-4.293901536998744994e+00,-3.662983448015702415e+00
-1.476701208407684041e+00,3.243831041039261454e+00,1.808287879670157361e+00
2.926844039446300449e+00,9.671102089286395254e-01,3.262637830076108081e+00
-4.138668039870101456e-01,-4.082766514836706939e+00,-4.938387964191267798e+00
-3.688356305393816648e+00,-2.701622519949115286e+00,2.218070051997598213e+00
2.105870663703317547e+00,1.758055890373648067e+00,-4.287488673496789637e+00
1.230521843923520819e+00,1.386872642790066834e+00,-4.775982970685186402e+00
9.613756959956851200e-02,-1.459588698441387500e+00,4.624070126943717440e+00
-1.164069039914757825e-02,-3.296388921836730379e+00,-1.016975526263271118e-01
3.582690828924669724e+00,-4.382238835611367844e-01,-2.550092574028154591e+00
-1.337065863137073263e-01,-4.024878812444229403e+00,-1.031126386368707681e+00
-7.818299582128422909e-01,-3.496151335430790930e+00,4.646117047817573287e+00
5.219874398992107700e+00,-2.290255890930187554e+00,1.477482615611739103e+00
1.778507699880381043e+00,1.597074940834615875e+00,3.618981584729906054e+00
-5.121149947159157279e+00,4.170402236877571944e+00,3.964368407307779396e+00
-3.462505260558070397e+00,4.705479858791025372e+00,3.174120235053659478e+00
-3.019931571190329622e-01,-3.561510163604848955e+00,2.333960676739352369e+00
-6.909055895731117669e-01,9.998943370062162161e-01,4.956677972018722400e+00
-4.978512958056642845e-01,2.393825875275303883e+00,-4.860958612453008421e+00
-4.123761903840269305e+00,5.132307451559951161e+00,-9.897569301964640465e-01
-3.708544574682050010e-01,-4.810652666904114305e+00,1.490922283311140184e+00
9.620243737914084825e-01,6.733217682391516856e-01,1.027034205361425645e+00
4.573641351533939137e+00,1.897575099970889356e+00,-8.306439457861001241e-01
5.379181460095835199e+00,-2.784031843624921621e+00,-4.053965661614622462e+00
6.172944286645886125e-01,-2.165346868345847664e+00,1.050970065011526788e+00
-5.304551402723022946e+00,5.048659373275295792e+00,2.157671123762516796e+00
-6.559132233949890312e-01,1.899367763630439132e+00,-1.864083755970065814e+00
1.316740874885706791e+00,-3.891071674909399647e+00,-5.082929038689976586e+00
3.960849548764221684e+00,4.814431765349230119e+00,-5.071342265309640496e+00
-1.328403077222471751e+00,-2.624859376998586846e+00,-4.803687742854138576e-01
-1.127516646800705402e+00,-1.761974186335877324e+00,2.941673667549770332e+00
-1.324860401438281432e+00,-4.905778845253671250e+00,5.277111003008320367e+00
-1.503424994604032117e+00,2.039521240864432539e+00,-2.975768974224689334e+00
1.191262410933600302e+00,-3.538768636285232194e+00,6.812631507083325433e-01
-1.495198684324088312e+00,-2.874773607352808291e+00,1.150626478774493977e+00
2.381959675857379555e+00,4.393387644611949305e+00,5.298374771764600588e+00
-5.095135039905220431e+00,-2.026595229250425678e+00,2.284518898461649794e+00
-2.028740458715649897e+00,-1.924404660257398092e+00,-1.109555515037817575e+00
3.693018965725828551e+00,1.757787828318961632e+00,-1.377838049933258757e+00
-4.872446554922207795e+00,-1.465545032270690218e+00,-2.464559964578991291e+00
-3.721317371682801411e+00,-3.084609382250719456e+00,-4.556574537597269270e+00
-3.850462517016456587e+00,-2.063417048889233829e+00,-1.102911296595649793e+00
-3.290249472660917718e+00,4.177315166923079914e+00,2.081579905281860210e+00
-3.388148346800937905e+00,-5.195990480219332852e+00,2.332453318865696790e-01
4.733408593982961321e+00,-5.320132554868409969e+00,1.808497088002119835e+00
-4.213596604812790858e+00,4.692651464831833152e+00,1.718265765862621475e+00
-2.497724171933771942e+00,4.881326841022455731e+00,-3.670581258410266390e+00
1.050837863864325650e+00,3.471947380283991968e+00,-1.200152151025670966e+00
-6.858279690401548612e-01,-9.819292999540806255e-01,3.515079077864829760e+00
2.439690010219221161e+00,-1.999471379447784081e+00,-3.944631573820084114e+00
5.294745084338744689e+00,4.600494086402475702e+00,-1.263660865257554056e+00
-3.014128831226927652e+00,-7.966421035514634763e-01,1.361964561442391863e+00
5.148975383734124556e+00,2.671486998768100474e+00,-3.279186431183211514e+00
6.751042550830184119e-01,-8.124832821675144479e-02,4.488944207503130279e+00
-4.522433267061077622e+00,5.046326602474319856e+00,-3.644955019012989350e+00
4.918160265697823164e+00,-1.883350146374986656e+00,-1.888641903877897210e+00
-3.860929288473986976e+00,4.665119272182266741e+00,-4.964234245769976184e+00
-9.774973747189826812e-01,5.059223842073445887e+00,-5.441662749385134390e-01
4.492378525642098275e+00,-1.091972453094424145e+00,2.087167849327268954e+00
-3.468119003467038386e+00,4.185679969996646932e+00,-2.308512305231207318e+00
2.735964173752800654e+00,1.226144882047345952e+00,2.212714897292185956e+00
1.268288994994889174e-01,-8.279387649527626680e-02,-2.862854310603295538e+00
-3.029537405924855431e+00,-3.764889379545977466e+00,-5.033132272460241197e+00
4.472869356255979589e+00,1.962754289370749916e+00,-5.114581637934642266e+00
2.427200006313131375e+00,1.385259039630311606e-01,-1.807927120056200154e+00
4.039101716725827629e+00,-4.696155070703701639e+00,2.521694084286989934e+00
-3.843879655119107230e+00,-5.384971240152724548e+00,-2.522869416588422897e+00
-3.678933965072146428e-01,3.002649534950990518e+00,-1.123759016006907530e+00
-6.871751310606041274e-01,1.793546592953874752e+00,3.917938748350464628e+00
2.832295128298612852e+00,1.929411654750472271e+00,3.897329643237955388e+00
-2.754480538047636262e+00,-3.802484873829746981e+00,-2.256029702229133349e+00
1.838284958603492392e+00,5.306957553656762805e+00,3.769601208869332254e+00
1.626666791636375287e-01,-6.657650261915603052e-01,2.348985859543650800e+00
-8.776123295653525114e-01,-2.285972008287632917e+00,-3.129264787352346477e+00
5.273129566853412165e+00,-2.293901589310251676e+00,3.679326986039819225e+00
3.288864287414285492e+00,3.977918922533208335e+00,1.138177631189376954e-01
8.938395899392619359e-01,2.767772756737862050e+00,4.737867741198020788e+00
-2.681684528675400081e+00,-4.961537441346181687e+00,-7.994288374439915135e-01
9.681344831075129331e-01,5.305751397136929448e+00,1.423719408211018500e+00
-2.411685023879394318e+00,-4.097460000551631509e+00,2.469621771245536834e+00
-2.598187876981516986e+00,-1.217920197820427708e+00,-4.147243865833667442e+00
4.055566181547773041e+00,-5.298072395625893272e+00,-4.996054272022992571e+00
2.837106755867659924e+00,-4.360338200729873215e+00,-5.302819475762015955e+00
-3.984727972006409491e+00,-4.015831370705410741e+00,1.494877800515286848e-01
-2.026496301694431068e+00,-2.108453999943237900e+00,5.317943052346374877e+00
-2.644546482824763789e+00,-1.812341348378981865e+00,8.866023951418212645e-01
1.862849177874797313e+00,-4.953196048581414157e-01,-4.362537468182235756e+00
1.193185394135422683e+00,-4.459814246776248936e+00,5.082544963443010211e+00
5.159641031253025645e+00,-3.751446215463195344e+00,4.684641666338847266e+00
-3.561178507654698677e+00,2.773481888829405051e+00,4.730568618742659659e+00
4.983451177516577069e+00,3.884047463323648253e-01,-1.796388983383379712e+00
-5.279903840636134937e+00,2.847409560117275529e+00,-4.412508299914438048e+00
1.550002541528956224e+00,1.191274624982470165e+00,-1.489199685741673607e+00
-1.014328583031792075e+00,-4.833993883684074788e+00,-2.010527432384589808e-01
-5.270050103749277515e-01,-1.517304030404642845e-01,4.644954135403525641e-02
2.197039045071469410e+00,-6.222050783692027742e-02,1.419057889132276484e+00
-1.163836832852069465e-02,-1.352208836388522961e+00,-5.327473320142514623e+00
4.205915692373820430e-02,-1.850129429298740524e-01,1.275350728764392594e+00
-3.291152140081682553e+00,-2.074355041909103636e-01,-2.641318386323589174e+00
-3.071088696449365774e+00,5.148194641057450838e+00,2.389480972317196625e-02
5.216794762752537729e+00,-3.913511145961671822e+00,1.443951378607851943e+00
-5.295808524224378644e+00,-4.514274382626038751e+00,5.111263726102170502e+00
3.174440019376608468e+00,5.236680808946453380e-01,-4.880947127468174607e+00
-4.597728876586583802e+00,2.281073847204652782e+00,-4.033964849691756283e-01
-1.510857109147151656e+00,-5.002754368346914227e+00,1.930874846597982364e+00
-3.117387201525082308e+00,-1.903364104199026796e-01,-3.694990783101401277e+00
-2.996582714871606878e+00,2.649669250759334016e+00,-1.707230826738976859e+00
4.444986925446894332e+00,-1.267009223142335106e+00,-2.680397879098537217e+00
1.169187972447103929e+00,4.010515186880177829e+00,4.919847298753763809e+00
-4.863710825252505643e+00,-3.541680234743452282e-02,-5.855138859573517651e-01
5.192077495671723053e-01,-3.267747917414006942e+00,-1.964846503794989596e+00
-2.386356561943779209e+00,-2.675892387515082849e+00,3.841516110260771555e+00
1.218371221785111924e+00,2.203642523360822558e+00,1.372674225998156805e+00
-2.989512946454355724e+00,-4.590265347397577855e+00,3.604862495070749961e+00
2.448768304395937179e+00,5.290232395309922175e+00,-3.734034977456304194e+00
1.079244655265797270e+00,3.852733115945590758e-01,-1.867380860887209115e+00
1.884710707001535868e+00,-7.051267495759763193e-01,4.358207966310021497e+00
1.936532063263876502e+00,-1.314096845076518083e-01,2.452490830128721822e+00
9.948726239721146225e-01,-1.502188417723997693e+00,5.101946456696552445e+00
-3.238393265811930100e+00,3.802260245860518584e+00,1.013025017393786698e+00
4.277557185770601400e+00,-3.436711930333292475e+00,-2.781834493294020216e+00
2.668087853821941913e+00,2.482914124445111614e+00,-5.120303487020900768e+00
2.435207434017597095e+00,-4.464659233948781392e+00,1.036282351371140137e-01
-2.171053069039633687e+00,5.960626281355509981e-01,2.646056960644506795e+00
8.492693915341179567e-01,-4.587677347056170696e+00,-6.704664475488179010e-01
-2.746250604595217304e+00,2.017475862727935443e+00,4.450857882312860170e+00
2.009599428822083755e+00,-3.810815401842639449e+00,-2.956276692966453457e+00
-2.719158718679834497e+00,1.170400293230939637e+00,3.375531628735940703e+00
5.799959548909607854e-01,-4.542187625021578690e+00,2.940049180629301429e+00
3.191445176575637088e+00,-5.195418509148857389e+00,3.952607760540791104e-02
-2.519309363398120616e-01,4.957108649005641521e-01,-1.368432046929557222e+00
-2.657493784016054406e+00,-3.870236538298892359e+00,5.110165618928522058e+00
-5.053122196857266601e+00,-5.254978938069760908e+00,4.869865705169733050e-01
4.193500161099792400e-01,-1.088003474807311299e+00,3.600763535141520699e-01
4.844940521361953856e+00,-3.662873669798915266e+00,1.596767445199008817e-01
-1.207254772258322006e+00,-2.171821538493561743e+00,-4.363200567656027928e+00
2.764051763559440822e+00,-1.370357394159189113e+00,-4.818816218002325846e-01
-3.314302573244880534e-01,-6.366991331532293463e-01,-4.584379136070522165e+00
-3.410176082930872488e-01,4.235410248527997190e+00,-3.326026571164649948e+00
-4.376779243180590306e+00,2.528463019266529610e+00,3.674215685948135413e+00
3.314224439618761231e+00,-1.498560588000349636e+00,2.101543754350704063e+00
5.382588654640759529e+00,8.696409851571340610e-01,3.293835734074045174e+00
2.213845679501752262e+00,4.757893230878689650e+00,1.627931151295359147e+00
4.097554563582979981e+00,-3.438132134791513916e+00,-1.770554787298986854e+00
1.780894418263632373e+00,3.838413114586903152e+00,-4.711391522523508790e+00
3.771997467188066278e+00,3.389300149822728203e-01,-4.033631380498555075e+00
5.320890460978316305e+00,-1.802546694573350372e+00,-4.244288576977941929e+00
8.743039650553539044e-01,-2.108124416579741922e+00,-4.465533587909582103e+00
-3.959605515849720980e+00,-4.725788425226353340e+00,-4.621927189609285058e+00
5.298154601812537834e+00,-4.199220212887859738e+00,-2.201628662793368996e+00
5.008048194710571499e-01,3.474293731363001569e+00,2.873750603285002647e+00
1.830394321986270834e+00,5.343719573867875106e+00,5.267281584715003184e+00
-4.981343438283809988e+00,-1.272332762773225934e+00,-1.231587555042533921e+00
-2.178287333429749228e+00,1.584727423821455705e+00,1.214183077627855045e+00
1.818964539683347592e+00,-2.254296367841608806e+00,-1.115135339191744235e+00
-5.187800585147022581e+00,-3.298442968993728464e+00,-2.973433912707001414e-01
1.486244663374312047e-01,-2.570644019993715723e+00,4.292882991227021883e+00
3.739276904522365275e+00,4.115434761813743236e+00,3.042640730555447703e+00
-3.754419492936785119e+00,-3.535251231742170264e-01,2.425473736500053157e+00
-2.683533622120495288e+00,-5.000556702551290478e+00,-1.951615280157965149e+00
1.616811187328095700e+00,-2.893881781311137824e-01,-3.266986000879597007e+00
5.147574821057104622e+00,-1.240944585203139550e+00,7.186690182119497283e-01
-2.977344268343951494e+00,4.044820491082125713e+00,-3.286328287275197990e+00
-4.439304833643383241e-01,1.913798683518344035e+00,5.331194496695279561e-01
2.714621764637281220e+00,-4.837044553051533136e+00,3.032269004538892698e+00
-3.314085534983961967e+00,-7.110833167632236718e-01,-9.313640312208634198e-01
-1.812523720278519379e+00,-9.208125067943672137e-01,-3.238675190581666641e+00
2.751608741569221639e+00,4.758314111953219516e+00,4.169723046860952742e+00
5.128854755513500230e+00,1.604014449442883461e-01,-2.104410605830098480e-01
1.722446675879747702e-01,3.853362476584984986e+00,8.204153178041875827e-02
1.374245175980574885e-01,-3.723574467746956440e+00,-3.652270614352341571e+00
4.327500850642002739e+00,4.278612568172084352e+00,6.930922579556337837e-01
4.840771472175991796e+00,-1.426345893852035696e-01,-4.170712647639500226e+00
1.363737893491663300e+00,-3.300511859052672747e+00,4.192711620522835858e+00
-1.330122513165383991e+00,3.137656148665329159e+00,-5.349582035573973826e+00
1.990455857033419429e+00,-3.519868455107372451e+00,-4.292064958343202008e+00
4.752128606771334418e+00,-3.455662735916562589e+00,-5.303084455975638711e+00
-1.920482573612130484e+00,-5.313561278321344616e+00,-3.209888104445012935e+00
-1.563315557596504368e-01,-4.222567203115437651e-01,4.943645836248058423e+00
-5.156908872460101101e+00,5.043578589698475056e+00,7.234059431723975919e-01
-4.142358663365160787e+00,-5.256605418421123055e+00,2.216814763160884993e+00
-4.154485381014872303e+00,-4.231608689173626203e+00,3.245817332755607243e+00
1.593253351787086380e+00,-8.232359516549189182e-01,8.282865533613505138e-02
-5.031799186476723307e+00,-4.871202161175706813e+00,-4.263925628533088208e+00
-1.512003527382576928e+00,1.327069638438755916e+00,-5.464973488421016601e-01
-2.504640599350018704e+00,7.000945935915912077e-01,-8.042693166344168088e-01
-5.315012568668896265e+00,-3.832684699936327988e+00,-4.425240871524298569e+00
4.110776508399223594e+00,4.548612724180335576e+00,-2.029031079936495452e+00
1.214994429797229047e+00,-1.260152478239576990e+00,-3.598529656848791891e+00
-2.511383877556705446e+00,2.674164055196111889e+00,-7.286978346239474102e-02
3.431148089146401681e+00,-2.509471700330583310e+00,2.762243653225321616e+00
-2.248738331287709613e+00,1.736958540091252112e-01,-4.718632809548225282e+00
-3.229668271759140286e+00,-8.455323308240563218e-01,3.374131403528032980e+00
5.200342772079221687e-01,2.698239520878672248e+00,3.596724382924880281e+00
7.846950593393713369e-01,-3.012084910320186326e-01,-3.860184188074877176e-01
4.470560784811974386e+00,3.556083191393104137e+00,5.191652850533353458e+00
-1.391880006879411047e+00,-3.776518635231782550e+00,-4.902002985649486888e+00
2.522052272935007000e+00,-3.886878359896364099e+00,4.930233205276421948e+00
-3.100364998632377134e+00,-2.143644872576966787e+00,-2.622852052724442995e+00
2.314126658724426466e+00,-2.635165299547347351e-01,-7.184629634252401864e-01
1.226158612378119184e+00,3.261314978318220703e+00,-2.821641301946208102e+00
3.173985185054817748e+00,-3.458654773549024952e+00,-2.231982343835587079e-01
1.276940192058327650e+00,2.374724748757861548e+00,2.915054084355046982e+00
-4.716515023760678993e+00,4.196362500124090289e+00,-2.003472240855308062e+00
1.264221516341472284e+00,4.960635175619088066e+00,-3.599244734812824809e-01
2.100305084355640783e+00,1.772829782189618619e+00,3.666074719272934823e-01
-3.356288389800431204e+00,-1.877195494196119085e+00,-3.748520449703088619e+00
-2.024906248450942137e+00,4.935476103863379649e+00,3.071626231874407864e+00
-4.663363344147178347e-01,3.840625654533305511e+00,1.354038502328039240e+00
3.075103837254585804e-01,2.095286074007801425e+00,-2.707112317859038164e+00
-4.366876253628947602e+00,4.278468947893364627e-01,3.603640159649086794e+00
1.798069775792988656e+00,4.595458631494050650e+00,6.417941796964832246e-01
4.759852032591046722e+00,-2.250792559663580938e+00,-9.123179912267050939e-01
-5.364022695173636279e+00,-3.081117703348190240e+00,3.659583025120081601e+00
-2.132679834731496360e+00,-5.086793811132786836e+00,1.766539796718115951e-01
5.203330247941202913e+00,4.621582955055310471e+00,3.843708455564607274e+00
-1.969854575948906561e+00,-3.814287420661273575e+00,-9.722981186100559947e-01
1.514378219955929250e+00,-3.187712005751100364e+00,5.185941343040991747e+00
4.822223089309496835e+00,-4.464121135862938239e+00,3.258131212779398211e+00
8.105128690686048687e-01,4.343798464797880676e+00,-1.974248568770530676e+00
4.152021082436275989e+00,-7.322783283275765553e-01,1.188973693671433254e-02
3.632667290069730104e+00,-3.203281448979454993e+00,-5.366021047756657225e+00
4.711019850927041119e+00,2.702871244081316515e+00,-2.224638585638838872e+00
-2.190834636532711599e+00,-2.050182677138716048e-01,3.248589798362792269e+00
-4.092662025620454891e+00,-2.479871600669377507e+00,4.876637727189223170e+00
-4.886091746776657807e+00,-2.691270159467836209e-01,-5.225822587139520081e+00
9.634669217522621176e-01,-7.069570459445483346e-01,-1.732515247908750666e+00
3.323067215986731604e+00,2.540637047121142023e-01,4.660920051143658149e+00
-2.945341360241438888e+00,3.372927089246526400e+00,2.939391651271832107e+00
2.405744517443812125e+00,3.221037644997388316e+00,-2.395681802173296848e+00
2.879908708794280514e+00,6.722131808072391301e-01,1.204591926586668249e+00
-9.814510710831917395e-01,1.114391381989132901e+00,1.743623291762041339e+00
-5.185040987185340455e+00,1.148659472551975869e+00,-3.340355342427620222e+00
2.356595062331745982e+00,-2.821680698960740585e+00,2.297851475526259346e+00
4.224949070787426680e-02,-5.090124339584696678e+00,-3.070200237389207221e+00
3.302332489020378681e+00,2.393769822365349853e+00,1.394802752777565713e+00
-2.823462926793565142e+00,1.008534907622614385e-01,2.759392093201808449e-01
3.321281004256160241e+00,2.577965190770778570e+00,-4.083489255634864534e+00
-3.215694481636248436e-02,9.350112786516374674e-01,3.690462642230643020e+00
3.127516931978421955e+00,-3.853402528220956302e+00,3.114705144771407586e+00
-1.594179017534084641e+00,-1.314361192856962068e+00,3.898208333426685268e+00
5.004019895858253797e+00,4.416804920982804639e+00,-2.628150378573410606e+00
2.879458904849682366e+00,5.087966810650507377e+00,2.407789517302232785e+00
-6.570333987463501391e-01,-1.843948670178041871e+00,7.332526371109847341e-02
6.489824136460623505e-01,1.060272257230512771e+00,-5.550321063210753025e-02
3.751416063964123193e+00,-4.180262649812974018e+00,-3.929838556081668433e+00
-1.071983843593482089e+00,7.729252809019056258e-02,-4.289907175756924040e+00
3.293651414844397163e+00,-1.871850774059679701e+00,4.196307658657835837e+00
-3.726794487680331169e+00,9.098181371032151299e-01,1.457462561859795391e+00
-1.082500947586664042e+00,-1.429261292450159537e+00,5.002546969349898731e+00
4.827496481578462451e+00,2.527507084864535791e+00,4.605112838222225058e+00
-1.557078646375766873e+00,2.953266476177788480e+00,-1.223739972531194597e+00
-3.841816859125819938e+00,3.838278704742909692e-02,6.664668558543513921e-01
3.140153310915092977e+00,2.929185719674963551e+00,2.236534861913720640e+00
-1.218980488330572820e+00,-5.240703800017077363e+00,3.998807950161831215e+00
2.216759349334891827e+00,2.734353294029375991e+00,5.217429817726182861e+00
2.294497472761563850e-01,2.140019412130345966e+00,2.764514160348670924e+00
-1.757472431215807651e+00,3.368438936903327630e+00,-4.006534993615666451e+00
-2.971217206921544118e+00,-5.245426132702927902e+00,2.445359512616477549e+00
-4.326963027751291158e+00,2.436765733729328698e+00,-1.956848171325554109e+00
-1.000006986422906419e+00,-3.311276445547504999e+00,-2.201513003020088011e+00
3.629125388619504733e+00,1.798217865885138878e-01,3.073996194969291551e+00
-5.020298231960890867e+00,1.573344381710184647e+00,3.107839189841637761e+00
4.936857323645362783e+00,-4.331909408274393414e+00,-4.511748767164559304e+00
-2.086497096676709795e+00,-1.816875526484307724e+00,-5.012105286713161689e+00
-8.262710848803999086e-01,8.443297349121957618e-01,-3.390494325782872131e+00
6.437704380635849155e-01,-5.006748205503415150e+00,-4.500381450098298153e+00
-5.291820733044779068e+00,-2.524877330840864520e+00,-3.947497937122959932e+00
-1.368525876103120931e+00,1.198272146415824690e-01,1.706554393941473347e+00
-3.795280950546344595e-02,2.753804300461478505e+00,1.618602789681911902e-01
-4.607314506995187742e+00,2.462450303847042998e-01,-3.325600836741491761e+00
8.343641983935381479e-01,2.024726652247667680e+00,-1.334933193227090920e+00
5.309114192882021577e+00,2.773942976180243658e+00,3.020606108108824017e+00
-9.176103076707412542e-01,3.503113272776071874e+00,2.938875061295843860e+00
1.957688937693174758e+00,5.427741881554815073e-01,-4.745659600615262264e+00
-4.090306001741857322e+00,3.379664250405230330e+00,-3.492367895902388053e+00
3.735617621430033619e+00,3.679398131111095704e+00,3.986139120885048737e+00
2.453007689495771526e+00,5.153720067556753825e+00,-1.225918506986464873e+00
-2.909462685024758688e+00,-1.138428996969547136e+00,5.072121090933109144e+00
-2.265163249771488196e+00,4.050258120882517687e+00,-1.621629754299150239e+00
9.769074151508625459e-01,3.332759554432775051e+00,1.132168631378810408e+00
4.565622088371664944e+00,4.604620664047447853e+00,-3.987506516292495196e+00
1.521519361393847358e+00,4.969365322575241550e-01,4.031203793009636271e+00
5.317641480230656192e+00,-2.990052467804020342e+00,-1.294605836211920158e+00
8.209817667355377713e-02,1.269009270825919522e+00,1.343566248240107841e+00
-1.058333461266864672e+00,-2.977396869558901926e+00,3.672479635426024736e+00
1.749787580565885861e-02,5.011178482963007497e+00,-9.593142805903053238e-01
3.696552766917519328e+00,-1.251348574231553101e+00,-1.795152468308962357e+00
4.439985856273483300e+00,1.119203041339995597e+00,-1.914420111803812399e-02
4.942566520693127963e+00,2.121562395717127902e+00,1.688653333442457383e+00
4.571892613961212604e+00,1.145351027242598185e+00,4.558792659386737611e+00
-3.814822590827380733e+00,4.689333830318790142e+00,4.964006784426245211e+00
-9.169126165183710819e-01,5.167247237712619068e+00,-3.757647309509752453e+00
3.886288110060412748e+00,4.987786849253635246e+00,1.259701817987556094e+00
3.330847471371327195e+00,-5.369093090333038276e+00,1.247454971503856536e+00
3.398407148118052667e+00,-4.695649906921744332e+00,-1.298836996550049916e+00
-3.744453441042468800e+00,-4.312432856052986985e+00,-3.719706666530446348e+00
6.849731654268866876e-01,2.759802840710729566e+00,-3.613663880177542698e+00
-1.255713464383441336e+00,4.469221934705970511e+00,1.051019894762591500e+00
4.859032894802486346e+00,-1.700045901564756767e-01,4.617866215528289686e+00
1.978803894719733947e+00,2.337803143209177481e+00,-5.437604480418745112e-01
5.203368617776389371e+00,5.942835078162544971e-01,-3.468789632266519263e+00
4.445974614677250081e+00,-3.939348783546891219e+00,-9.175621150108642654e-01
2.900180349161058047e+00,-5.152894860281914902e+00,-2.554315468290817570e+00
-8.288419938731295122e-01,-9.742255217073753082e-01,-2.889527856347848367e+00
4.068359900317181754e+00,-1.937501418170216594e+00,-3.769576985528446222e+00
-2.992238087498875765e-01,3.497641050140265495e+00,5.256333274749195539e+00
-2.996479848693548220e+00,-2.246198641531262474e+00,2.977926655394058209e+00
-5.338202556521577158e+00,3.443374574919466635e+00,6.536952543149933126e-01
-5.192853584242850040e+00,-3.237997153977916653e+00,1.662091805869503114e+00
-5.294219534673785255e+00,3.221779428603830819e+00,-2.619581360415410121e+00
4.481957671231843188e-01,-5.253522148150387316e+00,-2.083057099775829091e+00
-1.497603797209088095e+00,5.169519102306775693e+00,-2.862050267144234272e+00
-1.592278256564052974e+00,2.818606827824366778e+00,3.444959522701020127e+00
-4.696655870120266307e+00,1.065136254622265133e+00,-2.213456461496036365e+00
-4.963955365892783078e+00,-2.087929624355799429e+00,3.579543861851150588e+00
4.713461570263757783e-01,4.697214012112127968e+00,-4.333302081140789852e+00
-1.129186812152702668e+00,3.126672416365908536e+00,-2.197896330282028909e+00
2.231363245000317796e+00,-3.297409570275279478e+00,-8.115685453246818115e-01
-4.964659970549396562e+00,-7.668778422955037088e-01,4.989879015265664686e-01
-4.773514748261635354e+00,-1.157929390375313401e-02,1.271619791680614675e+00
4.723488677944446046e+00,4.486278541086825555e+00,-2.189827569523509765e-01
-1.795369139661733282e+00,5.339117941435580939e+00,7.764390911771628101e-01
2.608998110856666663e+00,5.248457134480857711e+00,6.429515619620319589e-01
1.046150569759008997e+00,4.914780213184713809e+00,3.058005520923177123e+00
-5.012999254609706412e+00,-4.381043097821197385e+00,1.947610205637763103e+00
-9.058431664132237104e-01,4.722221155470739617e+00,5.155495773674073412e+00
1.083516178231381522e-01,2.212780207617867756e+00,1.686757784345892741e+00
4.847048162958557782e+00,-4.110421762520897193e-01,3.505441117459987765e+00
-1.652133846961116426e+00,-3.631677777773149707e+00,2.956391525309981283e+00
-8.380359569678597076e-01,-4.707199007803556157e+00,-1.845078058913817820e+00
-1.897056993727149754e+00,5.831302840740872906e-01,3.903841366784349454e+00
-5.061832156502697799e+00,-4.524529705823343129e+00,-9.889899762048236509e-01
4.644709033627290040e+00,2.923623541182766239e+00,1.121535829609012991e+00
1.081193464146737310e-01,-3.108482837186374859e+00,-4.921756206715140358e+00
2.058688419024300220e+00,-2.152036298424244709e+00,5.239880893460679978e+00
2.247754613298662996e+00,3.616115308129155714e+00,1.502938579969119726e+00
5.243265074127109182e-01,-4.435126559277690284e+00,4.040410518841276222e+00
-2.165172571545078473e+00,-8.037897004887297747e-01,-4.995607366078997025e+00
5.185446411756156060e+00,4.028830783104730529e+00,-5.154367333455630806e+00
-4.396050673555187416e+00,4.044914215990120354e+00,2.483878259977310599e+00
-2.925975947828364232e-01,-5.232106716764302945e+00,3.020148487917366786e+00
5.702561387884199640e-01,3.408486240339022810e+00,-4.529278611119988973e+00
-4.906928688188862075e+00,1.235296974290822414e+00,-4.579310857776285992e+00
-3.646148203973132773e+00,-1.590407005498720494e+00,1.524973077932404886e+00
2.297370111722076835e+00,3.825221603066656373e-01,-2.778478202582407519e+00
-1.631214283014303268e+00,-4.536133119804576230e-01,8.775883929416637974e-01
-2.135029374991490037e-01,-5.317565271897318979e+00,-5.251155351764059454e+00
-2.801459679330644992e+00,7.583498579808545248e-01,4.419484867152495333e+00
-2.496219076261112058e+00,-3.621437409903366156e+00,1.379935678711296410e+00
-2.019610036222432292e+00,4.201118769744508263e+00,4.035849337610884824e+00
-1.178493906895576648e+00,1.107933693368963635e+00,2.976713149150842952e+00
-2.146042029745864888e+00,-2.623353007210698973e+00,2.487860155115544369e+00
-1.323666443423642258e+00,-1.013940727380894913e+00,-4.190489578134740434e+00
5.205743187410852985e-02,2.048402043018760388e+00,4.829406399658062732e+00
-4.073731657713867804e+00,-3.581154987031550663e-01,-4.226129458023058838e+00
2.958909699089920853e+00,-6.562162241528197715e-01,4.274105165063679657e+00
-6.631159733889654406e-01,4.815373052632535789e+00,3.538316822143439122e+00
2.280449428111370747e+00,-5.248472145832622893e+00,4.077972680370065106e+00
1.260257324795264422e+00,4.196464655857049308e+00,-3.850860021128560629e+00
-5.216866990721255704e+00,-2.111846723194031661e+00,-6.219457844486517839e-01
1.848244182419980008e+00,-4.894079704498359717e+00,1.322063014483568555e+00
1.641438344774168279e+00,-5.334184573932075679e+00,-3.901061810845513733e+00
4.033245543893182905e+00,3.118330655036320120e+00,3.015344348856097145e+00
3.855146443822329072e+00,3.243128529306605223e+00,-3.433384327428602667e+00
-1.630812037720569929e+00,1.307253882134742362e-01,-1.376742814642065049e+00
7.518638138061791709e-01,2.292858211203988805e+00,-5.346499145955546872e+00
-5.239332214762369766e+00,-3.859248922796728820e+00,8.603912855802884341e-01
3.189814090662227208e+00,1.403914206821295307e+00,-9.324417005344437515e-02
2.698122768014024508e+00,-3.661317021210196643e+00,-2.144828545097852590e+00
2.575843134241678989e+00,4.626416157446602284e+00,-4.749738670099802107e+00
3.819333127331740574e+00,-2.413333462073316671e+00,5.170717119507630244e+00
-5.259121735193337699e+00,2.323068022796078935e+00,2.247030580926566490e+00
-4.296282746643602657e+00,3.427488464779418376e+00,-1.300828404437099906e+00
2.804900653948704026e+00,-4.716218814450134467e+00,-4.348941409887765452e+00
-1.111285858886794209e+00,9.970395121437508612e-01,-5.370010618862792739e+00
-3.139593214576898994e+00,2.732090843156318449e+00,-3.493557163802662124e+00
-1.823338869930241080e+00,-4.050580101903823227e+00,2.425552530252829131e-01
-3.460977699773204908e+00,1.086487802592112750e+00,-1.756222151162407208e+00
1.383783667110723092e+00,-3.026253987633277021e+00,1.943311242435105557e+00
5.190906700059016998e+00,1.646043760757977648e+00,-4.429973422906004821e+00
1.047114487703709962e+00,-2.656994894928028095e-01,-5.308249022193315625e+00
1.608261819783857849e+00,-2.356344381953874745e+00,-5.367001683556660296e+00
-1.631386360243019418e+00,-1.554659478305382869e+00,6.567621428105951953e-01
4.037842206649653320e+00,-4.183635501433757398e+00,-4.944472785705684714e+00
5.213404251848423598e+00,-8.150422848920493291e-01,-2.056122144357304560e+00
-3.775342775426083985e+00,-3.813763728651122342e+00,2.181357634529805800e+00
1.833859761036564118e+00,2.776553163879025288e+00,6.605150352279196557e-01
-3.373048489162524533e+00,-2.690887085814960056e+00,4.581131477963504284e-01
-4.609809283562072757e+00,5.109292725804011503e+00,4.002025364545718666e+00
-1.528075639740167579e+00,5.371097266485799437e+00,4.369317140660839982e+00
-2.785533281550901741e+00,4.500563056465704648e+00,-4.986490460046288931e+00
-5.364703912229339622e+00,-3.408197436761787880e-01,4.119969052111134289e+00
-5.377817646122855955e+00,1.449891138861067352e+00,5.570566310031093149e-01
-6.787434917435331005e-01,5.363944839466330272e+00,-4.709653090479872795e+00
4.181530005562930974e+00,-3.160415143260123738e+00,3.068177461449925758e+00
-3.647644224986860362e+00,3.988703158914038038e+00,4.264526744690452453e+00
4.496227472568932737e-01,5.081347648639239267e+00,-3.075679422634883142e+00
1.399641125536748909e+00,-4.338976683781058163e+00,-3.788982921796621106e+00
1.197675183130823218e+00,-3.222566365702258739e+00,-2.720646770817062521e+00
3.600416407047530853e+00,-3.634461589229124101e+00,5.382234445880583529e+00
1.578225914052221457e+00,1.712237661817620715e+00,-3.253429780772079116e+00
-4.529897138502481546e+00,-2.567167403793171321e+00,-5.331189337594441469e+00
-4.356945603576879655e+00,3.564473429957622397e+00,-1.619983575900560135e-01
-5.049513871317756752e+00,5.363675956715358240e+00,-4.527209996892423427e-01
-1.452533903269724425e+00,3.481064370368102789e+00,5.196708324928550615e-01
-1.884980171965456197e+00,4.503243419599438191e+00,2.345950431547060011e-01
3.336504708018664722e+00,-7.810076450656450175e-01,3.141114448674799053e+00
3.884679525740696526e+00,-2.568258284927305901e+00,-2.313264957496580898e+00
2.009189866520124657e+00,4.679222147465369019e+00,-2.943781015261118572e+00
2.979952463158972442e+00,2.392564200262948138e+00,-2.101827291316535895e+00
-3.889212500810512729e+00,-5.084890825650719925e+00,4.626274452037210771e+00
-3.650139306999329758e+00,5.269649819115296729e+00,-2.009016719917575688e+00
1.543704776051710859e+00,2.103930774846190843e+00,-2.104211443459914843e+00
-4.852346658406480273e+00,-1.065749077435084402e+00,-3.530837460094616631e+00
2.003848501931734916e+00,3.278279277564697392e+00,-9.628880617213886328e-01
3.921737420949873432e+00,-3.912357066488550306e+00,1.709370913258037694e+00
3.623958288512586723e+00,-1.011358955333813814e+00,-4.011825391044664180e+00
3.036332187101631774e+00,-2.873180868403032648e-02,4.814046787352703194e-01
8.591248846116953386e-01,3.582152848209854690e-01,2.807043122369493826e+00
5.162294757527532418e+00,1.503518952490964455e+00,-2.227896201911619745e+00
2.602662893928594290e+00,-1.799521734015981922e+00,-5.261785793698284586e+00
-4.575543309403053094e+00,9.204514812971427151e-01,2.398819526839308658e+00
2.646967075790246593e+00,4.215940286230763334e+00,-3.780663025790309550e+00
3.476151674534798675e-01,1.106988643719246879e+00,-3.557195130141217021e+00
-4.599748806702286252e+00,-3.604023333512655913e+00,-5.318109049887550732e+00
-5.330232513612074285e+00,-2.864161480137027205e+00,-2.730012970512496029e+00
2.693015595035170406e+00,-1.148313241240457167e-01,-3.953854964740382893e+00
